Kategorie;Autor;Titel;Erscheinungsjahr;Autor2;ISBN
Auf Deutsch;Legman G.;Intime Küsse;1988;Carl Stephenson Verlag;
Belytrystyka polska;Andrzejewski Jerzy;Miazga;1981;PULS;907587712
Belytrystyka polska;Bartkowska Ewa;Ja, judaszka;2014;JanKa;978-83-62247-34-9
Belytrystyka polska;Bartuszek Anna Katarzyna;Z widokiem na Mont Blanc;2012;radwan;
Belytrystyka polska;Bieńkowski Dawid;Biało-czerwony;2007;W.A.B.;978-83-7414-349-3
Belytrystyka polska;Bieńkowski Dawid;Nic;2005;WAB;
Belytrystyka polska;Cegielski Max;Prince Polonia;2020;Wydawnictwo Marginsey;978-83-66500-32-7
Belytrystyka polska;Chwin Stefan;Hanemann;1996;Marabut;83-85893-55-5
Belytrystyka polska;Cieplak Anna;Ma być czysto;2016;Wydawnictwo Krytyki Politycznej;978-83-65369-31-4
Belytrystyka polska;Cygler Hanna;Złodziejki czasu;2015;Rebis;978-83-7818-663-2
Belytrystyka polska;Dehnel Jacek;Matka Makryna;2014;WAB;978-83-280-0928-8
Belytrystyka polska;Dunin Kinga;Karoca z dyni;2000;Sic!;83-86056-84-3
Belytrystyka polska;Franczak Jerzy;Szmermele;2004;Stowarzyszenie Twórcze Artystyczno-Literackie;83-88527-65-7
Belytrystyka polska;Gargaś Gabriela;Wieczór taki jak ten;2017;Wydawnictwo Poznańskie;978-83-67461-46-7
Belytrystyka polska;Gębski Ireneusz;W cieniu Sheratona;2011;Warszawska Firma Wydawnicza;978-83-7805-089-6
Belytrystyka polska;Gogol Mikołaj;Martwe dusze;2014;Znak;978-83-240-3127-6
Belytrystyka polska;Górska Olga;Nie wszyscy pójdziemy do raju;2022;Drzazgi;978-83-964696-0-1
Belytrystyka polska;Gretkowska Manuela, Pietrucha Piotr;Sceny z życia pozamałżeńskiego;2003;W.A.B;83-89291-21-5
Belytrystyka polska;Gretkowska Manuela;Europejka;2012;W.A.B.;978-83-7747-777-9
Belytrystyka polska;Gretkowska Manuela;Na linii świata;2017;Znak;978-83-240-3752-0
Belytrystyka polska;Grochola Katarzyna;Osobowość ćmy;2005;Wydawnictwo Autorskie Katarzyna Grochola;83-922-240-1-9
Belytrystyka polska;Grzesiuk Stanisław;Klawo, jadziem!;2019;Prószyński i S-ka;978-83-8169-005-8
Belytrystyka polska;Helbig Brygida;Enerdowce i inne ludzie;2014;FORMA;978-83-63316-11-2
Belytrystyka polska;Hłasko Marek;Piękni dwudziestoletni;1988;ALFA;83-7001-248-5
Belytrystyka polska;Huelle Paweł;Pierwsza miłość i inne opowiadania;1996;Puls Publications;1859170617
Belytrystyka polska;Jarecka Jola;Historie wysiedlone;2015;Towarzystwo Słowaków w Polsce;978-83-7490-874-0
Belytrystyka polska;Jarecka Jola;Hylaty;2017;Libra;978-83-63526-79-5
Belytrystyka polska;Jarecka Jola;Zawieszenie;2012;Towarzystwo Słowaków w Polsce;978-83-7490-500-8
Belytrystyka polska;Jarno Jakub;Kontury;2025;Wydawnictwo Literackie;978-83-08-08691-9
Belytrystyka polska;Jastrun Tomasz;Gorący lód;;Jacek Santorski&CO;83-88875-31-0
Belytrystyka polska;Kalicińska Małgorzata;Dom nad rozlewiskiem;2006;Zysk i S-ka;978-83-7298-912-3
Belytrystyka polska;Kalicińska Małgorzata;Miłość nad rozlewiskiem;2008;Zysk i S-ka;978-83-7506-266-3
Belytrystyka polska;Kalicińska Małgorzata;Powroty nad rozlewiskiem;2007;Zysk i S-ka;978-83-7506-119-2
Belytrystyka polska;Kącka Eliza;Wczoraj byłaś zła na zielono;2024;Karakter;978-83-68059-15-1
Belytrystyka polska;Klich Aleksandra;Lapidarium mistrzów;2011;Agora;978-83-268-0503-5
Belytrystyka polska;Knapp Radek;Franio;2004;Wydawnictwo Literackie;83-08-03653-8
Belytrystyka polska;Konwicki Tadeusz;Bohiń;1994;Siedmioróg;83-85959-38-6
Belytrystyka polska;Konwicki Tadeusz;Pamflet na siebie;1995;NOWa;83-7054-095-3
Belytrystyka polska;Konwicki Tadeusz;Rojsty;1992;NOWa;83-7054-017-1
Belytrystyka polska;Kruszyński Zbigniew;Powrót Aleksandra;2006;Wydawnictwo Literackie;83-08-03831-X
Belytrystyka polska;Kubryńska Sylwia;Biurwa;2016;Czwarta Strona;
Belytrystyka polska;Łapiński Bartosz;Beczka soli;2005;Prószyński i S-ka;83-7469-057-7
Belytrystyka polska;Małecki Jakub;Obiekty głębokiego nieba;2025;Sine Qua Non;978-83-83-30821-0
Belytrystyka polska;Masłowska Dorota;Wojna polsko-ruska pod flagą biało-czerwoną;2003;Lampa i Iskra Boża;83-86735-87-2
Belytrystyka polska;Matuszkiewicz Irena;Gry nie tylko miłosne;2002;Prószyński i S-ka;83-7337-120-6
Belytrystyka polska;Miłoszewski Zygmunt;Kwestia ceny;2020;W.A.B.;978-830280-7219-0
Belytrystyka polska;Niemczynow Anna H.;Maleńka;2023;Wydawnictwo Luna;978-83-67674-50-8
Belytrystyka polska;Niemczynow Anna H.;Należy do mnie;2024;Wydawnictwo Luna;978-83-67996-81-5
Belytrystyka polska;Niemczynow Anna H.;W maratonie życia;2022;Wydawnictwo Luna;978-83-67996-30-3
Belytrystyka polska;Nurowska Maria;Hiszpańskie oczy;1992;Niezależna Oficyna Wydawnicza;83-7054-032-5
Belytrystyka polska;Nurowska Maria;Po tamtej stronie śmierć;1992;NOWa;83-7054-043-0
Belytrystyka polska;Nurowska Maria;Postscriptum;1991;Niezależna Oficyna Wydawnicza;83-7054-013-9
Belytrystyka polska;Odija Daniel;Tartak;2003;Wydawnictwo Czarne;83-87391-76-X
Belytrystyka polska;Orzeszkowa Eliza;Nad Niemnem;2020;Greg;978-83-7327-231-6
Belytrystyka polska;Papużanka Zośka;Przez;2020;Marginesy;978-83-66500-11-2
Belytrystyka polska;Pawlak Beata;Aniołek;2003;Prószyński i S-ka;83-7337-396-9
Belytrystyka polska;Pilot Marian;Pióropusz;2011;Wydawnictwo Literackie;978-83-08-04811-5
Belytrystyka polska;Przybyłek Agata;Małżeństwo z odzysku;2017;Wydawnictwo Poznańskie;978-83-7976-718-2
Belytrystyka polska;Rodziewiczówna Maria;Barbara Try źnianka;1991;Wydawnictwo Dolnośląskie;83-7023-169-1
Belytrystyka polska;Rygiel Katarzyna;Miłość i samotność;2008;Zysk i S-ka;978-83-7506-169-7
Belytrystyka polska;"Sar Krystyna; Reemer Katarzyna";W młodych latach;2012;ATUT;
Belytrystyka polska;Sieniewicz Mariusz;Rebelia;2007;W.A.B.;978-83-7414-332-5
Belytrystyka polska;Stasiuk Andrzej;Biały Kruk;2002;Czarne;83-87391-58-1
Belytrystyka polska;Stasiuk Andrzej;Zima;2017;Czarne;978-83-8049-399-5
Belytrystyka polska;Stokowski Marek;Święty Leonard z pól;2025;Państwowy Instytut Wydawniczy;978-83-8196-834-8
Belytrystyka polska;Szatrawska Ishbel;Toń;2023;Wydawnictwo Cyranka;978-83-67121-34-7
Belytrystyka polska;Szczepkowska Joanna;Kocham Paula McCartneya;2008;Świat Książki;978-83-247-1157-4
Belytrystyka polska;Szwaja Monika;Nie dla mięczaków;2011;empik;978-83-7782-000-1
Belytrystyka polska;Tokarczuk Olga;Prowadź swój pług przez kości umarłych;2025;Wydawnictwo Literackie;978-83-08-08575-2
Belytrystyka polska;Tryzma Tomek;Panna Nikt;1996;B&C;83-900245-9-4
Belytrystyka polska;Twardoch Szczepan;Pokora;2020;Wydawnictwo Literackie;978-83-08-07066-6
Belytrystyka polska;Twardoch Szczepan;Zimne Wybrzeża;2025;Marginesy;978-83-68549-29-4
Belytrystyka polska;Varga Krzysztof;Chłopaki nie płaczą;1996;Lampa i Iskra Boża;83-86735-10-4
Belytrystyka polska;Wiśniewiski Janusz Leon;Samotność w sieci;2001;"Czarne; Prószyński i S-ka";83-7337-477-9
Belytrystyka polska;Witkiewicz Magdalena;Nie ma jak u mamy;2018;FILIA;978-83-8075-529-1
Belytrystyka polska;Zientek Sylwia;Hotel Varsovie / Bunt chimery;2018;W.A.B.;978-83-280-4861-4
Belytrystyka polska;Żulczyk Jakub;Kandydat;2025;Świat Książki;978-83-68350-62-3
Belytrystyka zagraniczna;Allen Woody;Czysta anarchia;2008;Rebis;978-83-7510-089-1
Belytrystyka zagraniczna;Allen Woody;Obrona szaleństwa;2008;Rebis;978-83-7510-322-9
Belytrystyka zagraniczna;Amis Kingsley;Liga walki ze śmiercią;1993;Rebis;83-85696-44-X
Belytrystyka zagraniczna;Bánk Zsuzsa;Śmierć przychodzi nawet latem;2023;Wydawnictwo Czarne;978-83-8191-732-2
Belytrystyka zagraniczna;Byrd Nicole;Zdradzona;2009;Amber;978-83-241-3431-1
Belytrystyka zagraniczna;Cortazar Julio;Ostatnia runda;1979;Wydawnictwo Literackie;83-08-00019-3
Belytrystyka zagraniczna;Cunningham Michael;Nim zapadnie noc;2011;Rebis;978-83-7510-660-2
Belytrystyka zagraniczna;de Avellaneda Alonso Fernandez;Don Kichote;1997;Wydawnictwo Literackie;83-08-02698-2
Belytrystyka zagraniczna;de Saint-Exupery Antoine;Twierdza;2012;MUZA SA;978-83-7758-301-2
Belytrystyka zagraniczna;Doshi Avni;Gorzki cukier;2020;W.A.B.;978-83-8318-503-3
Belytrystyka zagraniczna;du Maurier Daphne;Zatoka Francuza;1991;Krajowa Agencja Wydawnicza;83-03-03440-5
Belytrystyka zagraniczna;Eco Umberto;Trzecie zapiski na pudełku od zapałek 1994-1996;1997;Historia i Sztuka;83-85468-26-9
Belytrystyka zagraniczna;Frenger Marek;Oczy w kolorze nocy;2018;;978-83-8075-529-1
Belytrystyka zagraniczna;Gaarder Jostein;Maja. Opowieść o miłości i przemijaniu;;Jacek Santorski & CO;83-86821-92-2
Belytrystyka zagraniczna;García Márquez Gabriel;Sto lat samotności;2004;MUZA SA;83-7200-988-0
Belytrystyka zagraniczna;Gardner Nuala;Mój przyjaciel Henry;2008;zapach pomarańczy;978-83-7579-041-2
Belytrystyka zagraniczna;Glass Cathy;Najsmutniejsze dziecko;2011;hachette Polska;978-83-7575-761-3
Belytrystyka zagraniczna;Goldsmith Olivia;Kumpelki z paki;2003;Świat Książki;83-7311-608-7
Belytrystyka zagraniczna;Gorki Maksym;Matka;1978;Książka i Wiedza;83-05-11262-4
Belytrystyka zagraniczna;Hannah Kristin;Słowik;2016;Świat Książki;978-83-8031-371-2
Belytrystyka zagraniczna;Harte Kelly;Masz nową wiadomość;;Axel Springer Polska;83-839371-66-9
Belytrystyka zagraniczna;Hasek Jaroslav;Gdy się serce roznamiętni…;1993;Czytelnik;83-07-02325-4
Belytrystyka zagraniczna;Haushofer Marlen;Ściana;2023;ArtRage;978-83-67515-78-8
Belytrystyka zagraniczna;Hopkinson Christina;Jak nie zabiłam męża, czyli babski punkt widzenia;2011;Prószyńśki i S-ka;978-83-7648-681-9
Belytrystyka zagraniczna;Jenny Erpenbeck;Kairos;2025;Znak;978-83-8367-764-4
Belytrystyka zagraniczna;Jiles Paulette;Nowiny ze świata;2018;Wydawnictwo Czarne;978-83-8049-707-8
Belytrystyka zagraniczna;Jones Daniel;Modern love;2021;Prószyński 0 S-ka;978-83-8234-139-3
Belytrystyka zagraniczna;Karlsson Elise;Linia;2020;Pauza;978-83-955508-2-9
Belytrystyka zagraniczna;Kempowski Walter;Prima Sort;2025;ArtRage;978-83-68191-98-1
Belytrystyka zagraniczna;Kundera Milan;Nieznośna lekkość bytu;2014;W.A.B.;978-83-7747-910-0
Belytrystyka zagraniczna;Laurens Camille;W tych ramionach;2002;LiBROS;83-7227-997-7
Belytrystyka zagraniczna;Long Kate;Podręcznik złej matki;2006;Rebis;83-7301-729-1
Belytrystyka zagraniczna;M;Mała Wiera;1992;Kantor Wydawniczy SAWW;83-85066-70-5
Belytrystyka zagraniczna;Montgomery Lucy Maud;W pajęczynie życia;1992;GRAF;83-7067031-8
Belytrystyka zagraniczna;Nawrat Matthias;Wszystkie śmierci dziadka Jurka;2016;Bukowy Las;978-83-8074-032-7
Belytrystyka zagraniczna;Nicholls David;Jeden dzień;2011;Świat Książki;978-83-247-2104-7
Belytrystyka zagraniczna;Pamuk Orhan;Nowe życie;2008;Wydawnictwo Literackie;978-83-08-04166-6
Belytrystyka zagraniczna;Pearson E. Mary;Przebudzenie Jenny Fox;2009;Nasza Księgarnia;978-83-10-11675-8
Belytrystyka zagraniczna;Richards Emilie;Odnalezione uczucia;2009;Harlequin Enterprises;978-83-238-1700-0
Belytrystyka zagraniczna;Rooney Sally;Rozmowy z przyjaciółmi;2017;W.A.B.;978-83-280-8506-0
Belytrystyka zagraniczna;Roth Philip;Kompleks Portnoya;2014;Wydawnictwo Literackie;978-83-08-05475-0
Belytrystyka zagraniczna;Rudiš Jaroslav;Ostatnia podróż Winterberga;2021;Książkowe Klimaty;978-83-66505-31-5
Belytrystyka zagraniczna;Schmitt Eric-Emmanuel;Pan Ibrahim i kwiaty Koranu;2005;Znak;83-240-0471-8
Belytrystyka zagraniczna;Sparks Nicholas;List w butelce;2001;LiBROS;83-7227-909-8
Belytrystyka zagraniczna;Sparks Nicholas;Ostatnia piosenka;2010;Albatros A ,Kuryłowicz;978-83-7659-068-4
Belytrystyka zagraniczna;Sparks Nicholas;Szczęciarz;2010;Albatros A ,Kuryłowicz;978-83-7359-853-9
Belytrystyka zagraniczna;Spencer Scott;Miłość bez granic;1988;Czytelnik Warszawa;83-07-01453-0
Belytrystyka zagraniczna;Szalay David;Turbulencje;2020;Pauza;978-83-957030-6-5
Belytrystyka zagraniczna;Valdes Zoe;Oddałam ci całe życie;1999;NOIR SUR BLANC;83-86743-88-3
Belytrystyka zagraniczna;Wharton William;Stado;1994;Rebis;83-85696-74-1
Belytrystyka zagraniczna;Zevaco Michał;Królowa serc;1991;SOMIX;
Belytrystyka zagraniczna;Zinik Zinovy;Grzybowstąpienie;1984;Muza SA;83-7079-250-2
Biografie;Danielewicz Dorota;droga Jana;2020;Wydawnictwo Literackie;978-83-08-06983-7
Biografie;Fabjański Marcin;Zaufaj Życiu;2019;Selfoff;978-83-955521-0-6
Biografie;Furgał Ewa (red.);Krakowski szlak kobiet / Przewodniczka po Krakowie emancypantek / Tom V;2013;Fundacja Przestrzeń Kobiet;978-83-937130-3-5
Biografie;Goggins David;Bez końca;2024;Galaktyka;978-83-7579-907-1
Biografie;Goggins David;Nic mnie nie złamie;2023;Galaktyka;978-83-7579-884-5
Biografie;Grzesiuk Stanisław;Na marginesie życia;2018;Prószyński i S-ka;978-83-8123-323-1
Biografie;Grzesiuk Stanisław;Pięć lat kacetu;2018;Prószyński i S-ka;978-83-8123-106-0
Biografie;Herling-Grudziński Gustaw;Inny świat;1989;Czytelnik;83-07-02001-8
Biografie;Kłoczowski Jan Andrzej;Kłocz / Autobiografia;2015;Wydawnictwo Literackie;978-83-08-05494-9
Biografie;Komosa-Styczeń Agata;Taterniczki / Miejsce kobiet jest na szczycie;2021;Prószyński i S-ka;978-83-8234-099-0
Biografie;Mann Wojciech;Kroniki wariata z kraju i ze świata;2012;Znak;978-83-240-2200-7
Biografie;Marzec Bartosz;Na wzgórzach Idaho;2008;Muza;978-83-7495-531-7
Biografie;N/Y;Tadeusz Łomnicki - album;2002;Teatr na Woli im. Tadeusza Łomnickiego;83-916713-0-5
Biografie;Notten Mariam, Erica Pischer Erica;Wybrałam wolność. Historia pewnej afgańskiej rodziny;2010;Czarne;978-83-7536-207-7
Biografie;Radomska Aleksandra;Mam wątpliwość;2020;Wielka Litera;978-83-8032-511-1
Biografie;Rogacki Henryk Izydor;Żywot Przybyszewskiego;1987;PIW;83-06-01399-9
Biografie;Sałyga Joanna;Chustka;2013;Znak;978-83-240-2101-7
Biografie;Stoparczyk Katarzyna;Tym. Człowiek szczery na cztery litery;2025;Znak;978-83-8399-002-6
Biografie;Szewc Piotr;Syn kapłana;2001;Sic!;83-86056-84-3
Biografie;Wałęsa Danuta;Marzenia i tajemnica;2011;Wydawnictwo Literackie;978-83-08-04836-8
Biografie;Wilk Marcin;Kwiatkowska / Żarty się skończyły;2019;Znak;978-83-240-5566-1
Dziecięce;;(tł.);;;
Dziecięce;;Adam Bernard (opr.);;;
Dziecięce;;Agnieszka Nozyńska (opr.);;;
Dziecięce;;Agnieszka Nozyńska (opr.);;;
Dziecięce;;Anna Matusik-Dyjak (tł.);;;
Dziecięce;;Barbara Puzonowicz;;;
Dziecięce;;Bolesław;;;
Dziecięce;;Bolesław;;;
Dziecięce;;Bolesław;;;
Dziecięce;;Bolesław;;;
Dziecięce;;Emilia kledzik (tł.);;;
Dziecięce;;Katarzyna Skalska (tł.);;;
Dziecięce;;Ludwiczak (tł.);;;
Dziecięce;;Ludwiczak (tł.);;;
Dziecięce;;Ludwiczak (tł.);;;
Dziecięce;;Ludwiczak (tł.);;;
Dziecięce;;Maja Porczyńska-Szarapa (tł.);;;
Dziecięce;;Marek Puszczewicz (tł.);;;
Dziecięce;;Marta Tychmanowicz (tł.);;;
Dziecięce;;Patrycja Zarawska;;;
Dziecięce;;Patrycja Zarawska (tł.);;;
Dziecięce;Unbekannter Autor;Książka dla dzieci (4-6 lat);;;
Dziecięce;Anatol i przyjaciele;Beata Ostrowicka;Piotr Rychel;Literatura;2009
Dziecięce;Basia i przedszkole;Zofia Stanecka (a);Marianna Oklejak;Egmont Polska;2011
Dziecięce;Baśń o korsarzu Palemonie;Jan Brzechwa;Przemysław Sałamacha;Podsiedlik-Raniowski;
Dziecięce;Brzydkie kaczątko;Anna Sójka-Leszczyńska (opr.);Dorina Maciejewska;Publicat;
Dziecięce;Co każdy przedszkolak umieć powinien…;Dorota Krassowska;Dorota Krassowska;Skrzat;
Dziecięce;Coś z niczego;Phoebe Gilman (a);Phoebe Gilman;MODO;2015
Dziecięce;Czerwony Kapturek;Charles perrault (a);Dorina Maciejewska;Publicat;
Dziecięce;Andrzej Fonfara (il.);Diabeł Boruta;;Podsiedlik-Raniowski;
Dziecięce;Filharmonicy się stroją;Karla Kuskin (a);Marc Simont;Muchomor;2017
Dziecięce;Gdzie nocuje słoneczko;Wiktor Laskowski (a);Wiktor i Alisa Czajczuk;Jarmołkiewicz;2016
Dziecięce;Jak sie zachować? W przedszkolu;Arianna Candell (a);Rosa M. Curto;Debit;2004
Dziecięce;Jaś i Janeczka;Annie M.G. Schmidt (a);Fiep Westendorp;Dwie Siostry;2018
Dziecięce;Kacper z szuflady;Grzegorz Kasdepke;Piotr Rychel;Literatura;2010
Dziecięce;Kot i małpa / O Leszku i Mieszku / Lew pokorny;Agnieszka Nozyńska (opr.);Dariusz Wanat;Martel;
Dziecięce;Kwiat paproci;Agnieszka Nozyńska (opr.);Ewa Geruzel;Martel;
Dziecięce;Mali opowiadacze / Wyzwól wyobraźnię;Robert Romanowicz (a);Robert Romanowicz;Tashka;2014
Dziecięce;Małpa w kąpieli;Aleksander Fredro;Katarzyna Bogucka;Dwie Siostry;2010
Dziecięce;Mam przyjaciela pilota;Ralf Butschkow (a);Ralf Butschkow;Media Rodzina;2008
Dziecięce;Mam przyjaciela pszczelarza;Ralf Butschkow (a);Ralf Butschkow;Media Rodzina;2012
Dziecięce;Mam przyjaciółkę weterynarza;Susanne Schürmann (a);Ralf Butschkow;Media Rodzina;2008
Dziecięce;Maszyny i pojazdy / W remizie strażackiej;Monika Wittmann (a);Alexander Steffensmeier;Media Rodzina;2012
Dziecięce;Mogę grać z wami?;Mo Willems (a);Mo Willems;BABARYBA;2017
Dziecięce;Mój aniołek dobroci;Diana Chwała (tł.);;Wydawnictwo Diecezjalne i Drukarnia w Sandomierzu;2011
Dziecięce;O Bartku doktorze;Agnieszka Nozyńska (opr.);Marek Szal;Martel;
Dziecięce;O sprytnym chłopaczku i głupim diable;Agnieszka Nozyńska (opr.);Blanka Jakubowska;Martel;
Dziecięce;Pięć ziarenek grochu;Agnieszka Nozyńska (opr.);Blanka Jakubowska;Martel;
Dziecięce;Pomelo wyrusza za mur ogrodu;Ramona Badescu (a);Benjamin Chaud;Zakamarki;2015
Dziecięce;Przygody rycerza Szaławiły;Jan Brzechwa;Przemysław Sałamacha;Podsiedlik-Raniowski;
Dziecięce;Stoliczku nakryj się;Jacob & Wilhelm Grimm;Dariusz Wanat;Martel;
Dziecięce;Waligóra i Wyrwidąb;Kazimierz Władysław Wójcicki (a);Ewa Geruzel;Martel;
Dziecięce;Wychodzimy na dwór z Arturem i Basią;Aurore Gauthier (a);Isabelle Monnerot-Dumaine;Olesiejuk;2019
Dziecięce;Zuza i sukienka dla Maksa;Thierry Lenain (a);Delphine Durand;Entliczek;2014
Dziecięce;Zuzia idzie do fryzjera;Liane Schneider (a);Anette Steinhauer;Media Rodzina;2011
Fantasy | Sci-fi;Armstrong Kelley;Wezwanie;2010;Zysk i S-ka;978-83-7506-501-5
Fantasy | Sci-fi;Chiang Ted;Historia twojego życia;2016;Zysk i S-ka;978-83-65676-11-5
Fantasy | Sci-fi;Koontz Dean;Opiekunowie;2012;Albatros A ,Kuryłowicz;978-83-7659-860-4
Fantasy | Sci-fi;Pilipiuk Andrzej;Ludzie, którzy wiedzą, czyli Dziwne przypadki Roberta Storma;2011;Fabryka Słów;978-83-8375-183-2
Fantasy | Sci-fi;Sanderson Brandon;Legion kłamstwa patrzącego;2019;MAG;978-83-7480-663-3
Fantasy | Sci-fi;Sullivan Michael James;Zniknięcie córki Wintera;2019;MAG;978-83-7480-748-7
Fantasy | Sci-fi;Szelenbaum Katarzyna;Wielki północny ocean;2013;gjKsiążki;978-83-7778-288-0
Historyczne;;Magazyn Polonia / nr2;2013;Konwent Organizacji Polskich w Niemczech;ISSN 2197-9324
Historyczne;;Magazyn Polonia / nr5;2015;Konwent Organizacji Polskich w Niemczech;ISSN 2197-9324
Historyczne;;Polacy i Niemcy w rewolucji 1848-1849;1991;Harald Boldt Verlag;3-7646-1898-1
Historyczne;Alef-Bolkowiak Gustaw;Na frontach antyhitlerowskiej wojny / Album znaczków pocztowych;1972;Agencja Wydawnicza RUCH;
Historyczne;Banaszak Dariusz, Biber Tomasz, Leszczyński Maciej;Encyklopedia Polska Historia;;Podsiedlik-Raniowski i Spólka;83-7341-572-6
Historyczne;Bartoszewski Władysław;Kropla drąży skałę?;2011;PWN;978-83-01-16657-1
Historyczne;Bock Siegfried, Göttner Klausß Ulrich, Schwiesau Hermann;50 Jahre Görlitzer Abkommen;2000;Verband für Internationale Politik und Völkerrechte;
Historyczne;Bogucka Maria;Das alte Polen;1983;Urania-Verlag;
Historyczne;Borodziej  Włodzimierz (red.);Polska wobec zjednoczenia Niemiec 1989-1991;2006;Wydawnictwo Naukowe Scholar;83-7383-195-9
Historyczne;Bouzac J.P.;20 Jahre in Preußen;2007;Rhombos-Verlag;978-3-938807-55-2
Historyczne;Bremer Jörg;Polen / Alltag, Stolz und Hoffnung;1987;Georg Westermann Verlag;3-07-508894-3
Historyczne;Danielak Wiesłak;Berlin - polskie godziny;1987;Wydawnictwo Polonia;83-7021-008-2
Historyczne;Davis Norman;Boże igrzysko / Historia Polski;2010;Znak;978-83-240-1423-1
Historyczne;Escher Felix, Vietig Jürgen;Deutsche und Polen / Eine Chronik;2002;Nicolaische Verlagsbuchhandlung;3-87584-471-8
Historyczne;Garlicki Andrzej (red.);Poczet królów i książąt polskich;1984;Czytelnik;
Historyczne;Gross Jan Tomasz;Sąsiedzi i inni / Prace zebrane na temat Zagłady;2018;Wydawnictwo Austeria;978-83-7866-268-6
Historyczne;Grygiel Agnieszka, Mierzyńska-Iwanowska Eleonora (red.);Encyklopedia sławnych Polaków;;Publicat;83-245-0605-5
Historyczne;Jaehner Harald;Czas wilka. Powojenne losy Niemców;2023;Wydawnictwo Poznańskie;978-83-66981-28-7
Historyczne;Jurgilewicz-Stępień Aneta (red.);Zwycięskie bitwy Polaków;;ARTI;978-83-7740-255-9
Historyczne;Kaczmarek Ryszard;Historia Polski 1914-1989;2010;PWN;978-83-01-16326-6
Historyczne;Kaczmarek Ryszard;Polacy w Wehrmachcie;2010;Wydawnictwo Literackie;978-83-08-04678-4
Historyczne;Kałkowski Tadeusz;Tysiąc lat monety polskiej;1981;Wydawnictwo Literackie;
Historyczne;Kałuski Marian;Polacy w Chinach;2001;PAX;83-211-135-2
Historyczne;Kamiński Łukasz, Korkuć Maciej;Geschichtsführer durch Polen 966-2016;2016;Legra;978-83-8098-016-7
Historyczne;Kaniecka Krystyna, Rommerskirchen Eva (opr. red.);Niemcy i Polacy 1945-1995 / Zbliżenia;1996;Oficyna wydawnicza Rytm / Droste Verlag Düsseldorf;83-903720-6-1
Historyczne;Korzycki Włodzimierz;Republik Polen /Eine kleine politische Landeskunde;1992;Aktell;3-87959-459-7
Historyczne;Kos Jerzy Bogdan (red.);W kręgu lekarskiej wspólnoty;2007;Studio Graphito;83-89989-24-1
Historyczne;Kosiewski Piotr, Rozicka Anna, Toruńczyk Barbara (kom. red.);Przebyta droga 1989-2009;2010;Fundacja im. Stefana Batorego & Fundacja Zeszytów Literackich;978-83-60046-24-1
Historyczne;Krenz Anna;Die fehlende Hälfte der Geschichte;2022;;978-3-00-074169-2
Historyczne;Kubiak Jacek, Łuczak Agnieszka;Vertriebene 1939;2017;Fundacja Współpracy Polsko-Niemieckiej;978-83-7768-171-8
Historyczne;Latimer Jon;Podstęp na wojnie;2001;Amber;978-83-241-6268-0
Historyczne;Lenkiewicz Antoni;Polacy na przełomie XX i XXI wieku / tom VII;2006;Wydawnictwo Biuro Tłumaczeń;83-88826-38-7
Historyczne;Lewczuk Elżbieta (red.);Wojenne rozstania;2009;Muzeum Historii Polski w Warszawie;978-83-60642-73-3
Historyczne;Libionka Dariusz (red.);Zagłada Żydów;2012;Centrum BAdań nad Zagładą Żydów;ISSN 1895-247X
Historyczne;Łopuch Maria;Drzewko pamięci;2009;Stowarzyszenie Czas Przestrzeń Tożsamość;978-83-932445-1-5
Historyczne;Makowski Krzysztof;Die Posener Familie 1815-1848;1996;Nordostdeutsches Kulturwerk;3-922296-79-3
Historyczne;Markiewicz Tomasz, Świątek Tadeusz W., Wittels Krzysztof;Polacy z wyboru;2012;Centrum Usług Wspólnych;978-83-620-20-46-1
Historyczne;Mechler Ursule;Jahrbuch Weichsel-Warthe;2015;Stiftung Nordostdeutsches Kulturwerk;
Historyczne;Miera Frauke;Polski Berlin;2007;Westfälisches Dampfboot;978-89691-646-7
Historyczne;Mohnhaupt Jan;Zwierzęta w Trzeciej Rzeszy;2022;Wydawnictwo Poznańskie;978-83-67324-09-0
Historyczne;Nowak Andrzej, Truszczak Dorota;Żywoty równoległe;2021;Wydawnictwo Literackie;978-83-08-07436-7
Historyczne;Ohler Normal;Trzecia rzesza na haju / Narkotyki w hitlerowskich Niemczech;2021;Wydawnictwo Poznańskie;978-83-66736-94-8
Historyczne;opracowanie zbiorowe;Gemeinsam für ein soziales und bürgerschaftliches Europa;2006;Benatzky Druck und Medien;
Historyczne;Paczkowski Andrzej, Sowińśki Paweł, Stołą Dariusz;Beitrag Polens und der Polen zum Sieg der Alliierten im II. Welkrieg;;Ministerium für Auswartige Angelegenheiten;
Historyczne;Paterek Anna;Tadeusz Kościuszko przywódca powstania w 1794 roku;2017;Arystoteles;978-83-8038-129-2
Historyczne;Piekalkiewicz Janusz;Kampf um Warschau / Stalins Verrat an der polnischen Heimatarmee 1944;2004;F.A.Herbig Verlagsbuchhandlung;3-7766-1699-7
Historyczne;Piekalkiewicz Janusz;Polen Feldzug / Hitler und Stalin zerschlagen die Polnische Republik;1998;Gustav Lübbe Verlag;3-86047-907-5
Historyczne;Rakowski Mieczysław;Es begann in Polen / Der Anfang vom Ende des Ostblocks;1995;Hoffmann und Campe;3-455-08578-4
Historyczne;Reulecke Jürgen, Schmook Reinhard, Jeremicz Jacek;Kriegskinder in Ostdeutschland und Polen;2008;Verlag für BerlinßBrandenburg;978-3-86650-531-5
Historyczne;Romanowski Piotr;Z dziejów Złotego Stoku / Güttlerowie / Kronika rodzinna w XIV częściach;2016;Usługi Turystyczne “AURUM” Elżbieta Szumska;978-83-940141-2-4
Historyczne;Sheffer Edith;Dzieci Aspergera / Medycyna na usługach III Rzeszy;2023;Wydawnictwo Poznańskie;978-83-67324-59-5
Historyczne;Stasiak Anna;Słowiański Przewodnik po świętowaniu;2025;Insignis;978-83-68639-00-1
Historyczne;Steffen Heinrich;Rückblicke/Erinnerungen an Wittenberg 1920-1939;1991;Geiger-Verlag;3-89264-611-2
Historyczne;Szulczyński Andrzej;Zarys dziejów Polonii niemieckiej z informatorem;1999;Słowo;
Historyczne;Waxman Zoea;Kobiety Holocaustu. Historia feministyczna;2019;Wydawnictwo Poznańskie;978-83-66381-85-8
Historyczne;Wolkowicz Shlomo;Das Grab bei Zloczow;1966;Wichern-Verlag;3-88981-092-6
Historyczne;Wunderer Daniel (red.);Budujemy mosty;2010;Kreisau-Initiative Berlin e.V.;
Historyczne;Załuski Zbigniew;7 polskich grzechów głównych;1968;Iskry;
Historyczne;zespół redakcyjny;Encyklopedia Powstań Śląskich;1982;Instytut Śląski w Opolu;
Historyczne;Żurek Robert;Kościół Katolicki i relacje polsko-niemieckie po 1945r.;2016;Ośrodek “Pamięć i Przyszłość”;987-83-939223-9-0
Historyczne;Żurek Robert;Polen - mein Weg zur Freiheit;2015;Instytut Pamięci Narodowej;978-83-7629-911-2
Kryminał | Thriller;Alem Raja;Wszystkie drogi prowadzą do Mekki;2013;smak słowa;978-83-62122-34-9
Kryminał | Thriller;Alex Joe;Jesteś tylko diabłem;2011;Wydawnictwo Dolnośląskie;978-83-245-9019-3
Kryminał | Thriller;Baldacci David;Geniusz;2008;Przedsiębiorstwo Wydawnicze Rzeczpospolita SA;978-83-60192-45-0
Kryminał | Thriller;Bonda Katarzyna;Lampiony . Wszystko rodzi się z ognia i do niego powraca.;2016;Muza;978-83-287-0383-4
Kryminał | Thriller;Bottini Olivier;Śmierć w cichym zakątku życia;2021;Książkowe Klimaty;978-83-66505-23-0
Kryminał | Thriller;Chmielarz Wojciech;Złotowłosa;2025;Marginesy;978-83-68549-19-5
Kryminał | Thriller;Christie Agatha;Noc w bibliotece;2010;Wydawnictwo Dolnośląskie;978–83-245-8667-7
Kryminał | Thriller;Christie Agatha;Pajęczyna;2010;Wydawnictwo Dolnośląskie;978–83-245-8861-9
Kryminał | Thriller;Cook Robin;Nosiciel;1999;REBIS;83-7120-834-0
Kryminał | Thriller;Dahlquist Gordon;Szklane księgi porywaczy snów;2008;Albatros A.Kuryłowicz;978-83-7359-648-1
Kryminał | Thriller;Flynn Gillian;Zaginiona dziewczyna;2014;Burda;978-83-7778-791-5
Kryminał | Thriller;Galiński Jacek;Kółko się pani urwało;;WAB;978-83-28-6362-4
Kryminał | Thriller;Gardner Erle Stanley;Sprawa kulawego kanarka;2004;Hachette;83-7184-245-7
Kryminał | Thriller;Gorzka Mieczysław;Rok Zmian;2025;Czarna Owca;978-83-8382-298-3
Kryminał | Thriller;Guzowska Marta;Ofiara Polikseny;;Foksal;978-83-280-0955-4
Kryminał | Thriller;Hannah Sophie;Na ratunek;2008;G+J;978-83-61299-26-4
Kryminał | Thriller;Kallentoft Mons;Jesienna sonata;2011;REBIS;978-83-7510-652-7
Kryminał | Thriller;Krajewski Marek, Czubaj Mariusz;Aleja samobójców;2008;W.A.B.;978-83-7414-380-6
Kryminał | Thriller;Mankell Henning;Psy z Rygi;2006;WAB;978-83-7414-227-4
Kryminał | Thriller;Marklund Liza;Czarna seria;2015;czarna owca;978-83-7554-875-4
Kryminał | Thriller;Marrell David;Łowca;2007;Albatros A.Kuryłowicz;978-837359-536-1
Kryminał | Thriller;Marwood Alex;Zatruty ogród;2021;Albatros;978-83-8215-757-4
Kryminał | Thriller;Mróz Remigiusz;Oskarżenie;;Edipresse;978-83-8177-371-3
Kryminał | Thriller;Mróz Remigiusz;Węzeł Czasu;2025;Wydawnictwo W.A.B;978-83-8425-415-8
Kryminał | Thriller;Puzyńska Katarzyna;Martwiec;2021;Prószyński i S-ka;978-83-8234-185-0
Kryminał | Thriller;Puzyńska Katarzyna;Nic Takiego;2025;Prószyński i S-ka;978-83-8391-309-4
Kryminał | Thriller;Puzyńska Katarzyna;Pokrzyk;2019;Prószyński i S-ka;978-83-8169-160-4
Kryminał | Thriller;Rankin Ian;Święci biblii cienia;2016;Albatros;978-83-7985-871-2
Kryminał | Thriller;Schätzing Frank;Odwet oceanu;2006;Wydawnictwo Dolnośląskie;978-83-7384-580-0
Kryminał | Thriller;Silva Daniel;Portret szpiega;2012;MUZA;978-83-7758-263-3
Kryminał | Thriller;Silva Daniel;Sprawa Rembrandta;2012;MUZA;978-83-7758-162-9
Kryminał | Thriller;Silva Daniel;Upadły anioł;2013;MUZA;978-83-7758-501-6
Kryminał | Thriller;Silva Daniel;Wielki skok;2015;MUZA;978-83-287-0079-6
Kryminał | Thriller;Szamałek Jakub;Czytanie z kości;2015;MUZA;978-83-287-0132-8
Młodzieżowe | Young Adult;Clare Cassandra;Miasto kości;2009;Wydawnictwo MAG;978-83-7480-130-0
Młodzieżowe | Young Adult;Clare Cassandra;Miasto popiołów;2009;Wydawnictwo MAG;978-83-7480-135-5
Młodzieżowe | Young Adult;Clare Cassandra;Miasto szkła;2010;Wydawnictwo MAG;978-83-7480-162-1
Młodzieżowe | Young Adult;Funke Cornelia;Atramentowe serce;2005;Egmont;83-237-9991-1
Młodzieżowe | Young Adult;Gomulicki Wiktor;Wspomnienia niebieskiego mundurka;2014;Bellona;978-83-11-13409-6
Młodzieżowe | Young Adult;London Jack;Biały Kieł;1995;Siedmioróg;83-86685-19-0
Młodzieżowe | Young Adult;Meyer Stephanie;Zmierzch;2009;Wydawnictwo Dolnośląskie;978-83-245-8823-7
Młodzieżowe | Young Adult;Montgomery Lucy Maud;Ania na uniwersytecie;1986;Nasza Książka;83-10-07850-1
Młodzieżowe | Young Adult;Montgomery Lucy Maud;Ania z Avonlea;1986;Nasza Książka;83-10-07655-x
Młodzieżowe | Young Adult;Montgomery Lucy Maud;Ania z Szumiących Topoli;1986;Nasza Księgarnia;83-10-07851-x
Młodzieżowe | Young Adult;Montgomery Lucy Maud;Ania ze Złotego Brzegu;1990;nasza Księgarnia;83-10-09071-4
Młodzieżowe | Young Adult;Montgomery Lucy Maud;Dolina Tęczy;1987;Nasza Księgarnia;83-10-08123-5
Młodzieżowe | Young Adult;Montgomery Lucy Maud;Rilla ze Złotego Brzegu;1986;Nasza Księgarnia;83-10-08124-3
Młodzieżowe | Young Adult;Montgomery Lucy Maud;Wymarzony dom Ani;1986;Nasza Księgarnia;83-10-08102-2
Młodzieżowe | Young Adult;Orlińska Zuzanna;Biały teatr panny Nehemias;;Literatura;978-83-7672-536-9
Młodzieżowe | Young Adult;Ryrych Katarzyna;Siódma piszczałka;2017;Ezop;978-83-65230-18-8
Młodzieżowe | Young Adult;Siesicka Krystyna;-?... -Zapytał czas;1997;Akapit Press;83-86129-94-4
Młodzieżowe | Young Adult;Siesicka Krystyna;Kapryśna piątkowa sobota;2003;Akapit Press;83-88790-24-2
Młodzieżowe | Young Adult;Stewart Sean;Pamiętnik Cathy;;Egmont;978-83-237-8531-6
Młodzieżowe | Young Adult;Żeromski Stefan;Syzyfowe prace;2013;GREG;978-83-7327-188-3
Poezja;Dymowski Eligiusz;Zwyczajność rzeczy;2012;Księgarnia Akademicka;978-83-7638-238-8
Poezja;Franczak Jerzy;Samoobsługa;1997;Krakowski Klub Artystyczno-Literacki;83-85816-51-8
Poezja;Ginczanka Zuzanna;O centaurach;2015;Wydawnictwo J.Przeworskiego;978-83-61785-61-3
Poezja;Jurgoński Marek;Mniejsza epopeja;2015;Oficyna Wydawnicza Uniwersytetu Zielonogórskiego;978-83-7842-173-3
Poezja;Konopnicka Maria;Wybór poezji;1962;Czytelnik;
Poezja;Królikowska Krystyna;Kolory;2009;;978-83-919140-1-6
Poezja;Królikowska Krystyna;Owocne lata;2008;Wydawnictwo Wyższej Szkoły Rozwoju Lokalnego w Żyrardowie;978-83-919140-6-9
Poezja;Królikowska Krystyna;Poetom wszystko wolno…;2004;;83-919140-1-1
Poezja;Lubieniecki Zygmunt;A jednak serce…;2017;Bogdan Kokot vel Kokociński;978-83-948259-9-7
Poezja;Mickiewicz Adam;To lubię…;1984;Krajowa Agencja Wydawnicza;
Poezja;Minkiewicz Janusz;Bilans osobisty;2001;Trio;83-88542-07-9
Poezja;Olbrychski Daniel (wyb.);Chwasty polskie;2013;Erotica;978-83-7747-902-5
Poezja;Papuzińska Joanna;Zaczekaj;2019;Piętro Wyżej;978-83-7672-591-8
Poezja;Pollakówna Joanna;Dziecko-drzewo;1992;Oficyna Literacka;83-85158-37-5
Poezja;Próchniak Paweł;Wiersze na wietrze;2008;Wydawnictwo Pasaże;978-83-927752-4-9
Poezja;Różewicz Tadeusz;Matka odchodzi;2000;Wydawnictwo Dolnośląskie;83-7023-735-5
Poezja;Różewicz Tadeusz;Zawsze fragment;1998;Wydawnictwo Dolnośląskie;83-7023-648-0
Poezja;Sosnowski Andrzej;Dożynki;2006;Biuro Literackie;83-88515-81-0
Poezja;Szaruga Leszek;Trochę inne historie;;CONVIVO;978-83-942338-7-7
Poezja;Szlosarek Artur;List do ściany;2000;Wydawnictwo Literackie;83-08-03035-1
Poezja;Szlosarek Artur;Ołówek rzeźnika;2012;WBPiCAK w Poznaniu;978-83-62717-49-1
Poezja;Szlosarek Artur;Pod obcym niebem;2005;Wydawnictwo Literackie;83-08-03806-9
Poezja;Szlosarek Artur;Święto szparagów;2010;a5;978-83-61298-24-3
Poezja;Wiktorowska-Chmielewska Agnieszka;i tu, i tu;2014;Towarzystwo Słowaków w Polsce;978-83-7490-792-7
Poezja;Wiktorowska-Chmielewska Agnieszka;Szczęściodoły;2016;Księgarnia Akademicka;978-83-7638-755-0
Poezja;Zagajewski Adam;Anteny;2005;a5;83-85568-75-1
Poezja;Zimny Patryk;Mantry;2015;Oficyna Wydawnicza Tysiąclecia;978-83-934228-9
Poradniki | Popularnonaukowe;Canetti Elias;Masa i władza;1996;Czytelnik;83-07-02487-0
Poradniki | Popularnonaukowe;Cooke Kaz;Dzieciozmagania;;insignis;978-83-61428-14-5
Poradniki | Popularnonaukowe;David Anthony;Spojrzenie w otchłań / Neuropsychiatria i tajemnice ludzkich umysłów;2020;Znak;978-83-240-7150-0
Poradniki | Popularnonaukowe;De Grasse Tyson;Astrofizyka dla zabieganych;2017;Insignis;978-83-65743-53-4
Poradniki | Popularnonaukowe;Elderge John & Stasi;Urzekająca;2005;Thomas Nelson Publishers;83-86941-44-8
Poradniki | Popularnonaukowe;Gray John;Marsjanie i Wenusjanki zawsze razem;1998;Zysk i S-ka;83-7150-430-6
Poradniki | Popularnonaukowe;Gray John;Zakochani Marsjanie i Wenusjanki;1999;Zysk i S-ka;83-7150-496-9
Poradniki | Popularnonaukowe;Hogg Tracy, Blau Melinda;Język niemowląt;2016;Świat Książki;978-83-8031-382-8
Poradniki | Popularnonaukowe;Hołownia Szymon;Boskie zwierzęta;2018;Znak;978-83-240-5449-7
Poradniki | Popularnonaukowe;Leman Kevin;Jak wychować dziecko i nie oszaleć;2014;aSPe;978-83-7482-613-6
Poradniki | Popularnonaukowe;McKay Matthew, Fanning Patrick, Paleg Kim, Landis Dana;Kiedy twoja złość krzywdzi dziecko;2013;MiND;978-83-62445-14-1
Poradniki | Popularnonaukowe;Miller Katarzyna;Kup kochance męża kwiaty;2011;Zwierciadło Sp. z o.o.;978-83-63014-12-4
Poradniki | Popularnonaukowe;Morgan Housel;Psychologia Pieniędzy;2024;Helion S.A.;978-83-289-0938-0
Poradniki | Popularnonaukowe;Murphy Paul Annie;Początki;2012;Świat Książki;978-83-7799-379-8
Poradniki | Popularnonaukowe;"Nolden Annette; Huppert Lena";Witaj na świecie / Ciąża tydzień po tygodniu;2016;Świat Książki;978-83-247-2061-3
Poradniki | Popularnonaukowe;Ptak Olga;Kto ukradł jutro?;;Albus;978-83-89284-39-6
Poradniki | Popularnonaukowe;Sajdek Wiesława (red.);Polska filozofia człowieka;Universitas;978-83-242-4189-7;
Poradniki | Popularnonaukowe;Skerkowski Marek;Księga imion;2013;Olesiejuk;978-83-7844-906-5
Poradniki | Popularnonaukowe;Szwed Anna (opr.);Po drugiej stronie lustra;2012;Polskie Towarzystwo Zapobiegania Narkomanii w Warszawie;
Poradniki | Popularnonaukowe;Vetulani Jerzy, Mazurek Maria;Bez ograniczeń /Jak rządzi nami mózg;2015;PWN;978-83-7705-795-7
Poradniki | Popularnonaukowe;Wojtyłło Ewa;Świętowanie Życia;;Wydawnictwo Literackie;978-83-08-08803
Poradniki | Popularnonaukowe;Zurer Pearsom Barbara;Jak wychować dziecko dwujęzyczne;2013;Media rodzina;978-83-7278-846-7
Reportaże | Podróżnicze;Anderman Jan;Brak tchu / Kraj świata;1990;Kantor Wydawniczy SAWW;83-85066-19-5
Reportaże | Podróżnicze;Bogoryja-Zakrzewska Hanna, Błaszczyk Katarzyna;Zdarzyło się naprawdę. Opowieści reporterskie;2019;Wydawnictwo Znak;978-83-240-5709-2
Reportaże | Podróżnicze;Bratkowski Piotr;Prywatna taśmoteka;2003;Lampa i Iskra Boża;83-86735-30-9
Reportaże | Podróżnicze;Chomątowska Beata;Prawdziwych przyjaciół poznaje się w biedzie;2013;Czarne;978-83-7536-555-9
Reportaże | Podróżnicze;Czartoryska Wiesława T. (red.);Wyfrunęli;2011;Łomża;978-83-85734-92-5
Reportaże | Podróżnicze;Fleischer Michał;Moskwa, której już nie ma;2019;Primum Verbum;978-83-66354-02-9
Reportaże | Podróżnicze;Flis Joanna;To samo, ale inaczej;2025;Agora;978-83-8380-417-0
Reportaże | Podróżnicze;Forró Tomáš;Śpiew syren. W głąb wojennej Ukrainy;2025;Wydawnictwo Czarne;978-83-8396-183-5
Reportaże | Podróżnicze;Gauß Karl-Markus;Psożercy ze Svini;2005;Czarne;83-89755-15-7
Reportaże | Podróżnicze;Hoyer Katia;Kraj za Murem;2025;Wydawnictwo Poznańskie;978-83-68479-99-7
Reportaże | Podróżnicze;Kopińska Justyna;Czy Bóg wybaczy siostrze Bernadetcie?;2019;Świat Książki;978-83-813-9298-3
Reportaże | Podróżnicze;Krall Hanna;Zdążyć przed Panem Bogiem;2018;Wydawnictwo Literackie;978-83-08-08515-8
Reportaże | Podróżnicze;Kunicki Kazimierz, Ławecki Tomasz;Afery gospodarcze PRL;2017;Bellona;978-83-11-14443-9
Reportaże | Podróżnicze;Kwiatkowska-Moskalewicz Katarzyna;Zabić smoka;2016;Czarne;978-83-8049-271-4
Reportaże | Podróżnicze;Lubina-Cipińska Danuta;Ziemia z uśmiechu Boga / Rozmowy o Górnym Śląsku;;Forum Sztuk;83-87864-04-8
Reportaże | Podróżnicze;Opracowanie zbiorowe;Być Polakiem w Niemczech;2000;Instytut Zachodni;83-87668-05-3
Reportaże | Podróżnicze;Pałkiewicz Jacek;Sztuka podróżowania;2008;Zysk i S-ka;978-83-7506-198-7
Reportaże | Podróżnicze;Szczygieł Mariusz;Gottland;2006;Czarne;83-89755-62-9
Reportaże | Podróżnicze;Treuer Dawid;Witajcie w rezerwacie;2020;Czarne;978-83-8191-002-6
Reportaże | Podróżnicze;"Wiśniewski Janusz Leon; Domagalik Małgorzata";188 dni i nocy;2008;W.A.B.;978-83-62176-00-7
Reportaże | Podróżnicze;Witwicki Piotr;Znikająca Polska;2021;Zysk i S-ka;978-83-8202-417-3
Reportaże | Podróżnicze;Wojciechowska Martyna;Zapiski (pod)różne;2011;G+J;978-83-7596-182-9
Reportaże | Podróżnicze;Zadworny Adam;Tajemnica katastrofy na Bałtyku;2024;Wydawnictwo Czarne;978-83-8191-993-7
Reportaże | Podróżnicze;Zawadzka Anna;Gorycz;2025;Wydawnictwo Czarne;978-83-8396-186-6
Poezja;Koch, Agata;Du duftest wie die Sonne: Gedichte und Fotografien : deutsch / polnisch;2020;Treibgut Verlag;3-947674-25-2

